1 , http://judge.u-aizu.ac.jp/onlinejudge/description.jsp?id=ITP1_7_B&lang=ja
2 , https://atcoder.jp/contests/abc106/tasks/abc106_b
3 , https://atcoder.jp/contests/abc122/tasks/abc122_b
4 , https://atcoder.jp/contests/pakencamp-2019-day3/tasks/pakencamp_2019_day3_c
5 , https://atcoder.jp/contests/abc095/tasks/arc096_a
6 , https://atcoder.jp/contests/sumitrust2019/tasks/sumitb2019_d
7 , https://atcoder.jp/contests/joi2007ho/tasks/joi2007ho_c
8 , https://atcoder.jp/contests/s8pc-6/tasks/s8pc_6_b
9 , https://atcoder.jp/contests/joi2008yo/tasks/joi2008yo_d
10 , http://judge.u-aizu.ac.jp/onlinejudge/description.jsp?id=ALDS1_5_A&lang=ja
11 , https://atcoder.jp/contests/abc128/tasks/abc128_c
12 , https://atcoder.jp/contests/abc002/tasks/abc002_4
13 , https://atcoder.jp/contests/joi2008yo/tasks/joi2008yo_e
14 , https://atcoder.jp/contests/s8pc-4/tasks/s8pc_4_b
15 , https://atcoder.jp/contests/abc145/tasks/abc145_c
16 , https://atcoder.jp/contests/abc150/tasks/abc150_c
17 , http://judge.u-aizu.ac.jp/onlinejudge/description.jsp?id=ALDS1_13_A&lang=ja
18 , http://judge.u-aizu.ac.jp/onlinejudge/description.jsp?id=ALDS1_4_B&lang=ja
19 , https://atcoder.jp/contests/joi2009ho/tasks/joi2009ho_b
20 , https://atcoder.jp/contests/abc077/tasks/arc084_a
21 , https://atcoder.jp/contests/abc023/tasks/abc023_d
22 , https://atcoder.jp/contests/arc054/tasks/arc054_b
23 , https://atcoder.jp/contests/joi2008ho/tasks/joi2008ho_c
24 , http://judge.u-aizu.ac.jp/onlinejudge/description.jsp?id=ALDS1_11_B
25 , http://judge.u-aizu.ac.jp/onlinejudge/description.jsp?id=1160&lang=jp
26 , https://atcoder.jp/contests/abc138/tasks/abc138_d
27 , https://atcoder.jp/contests/joi2009yo/tasks/joi2009yo_d
28 , http://judge.u-aizu.ac.jp/onlinejudge/description.jsp?id=ALDS1_11_C&lang=ja
29 , https://atcoder.jp/contests/abc007/tasks/abc007_3
30 , https://atcoder.jp/contests/joi2011yo/tasks/joi2011yo_e
31 , https://atcoder.jp/contests/joi2012yo/tasks/joi2012yo_e
32 , http://judge.u-aizu.ac.jp/onlinejudge/description.jsp?id=1166&lang=jp
33 , https://atcoder.jp/contests/abc088/tasks/abc088_d
34 , http://judge.u-aizu.ac.jp/onlinejudge/description.jsp?id=ALDS1_10_A&lang=ja
35 , http://judge.u-aizu.ac.jp/onlinejudge/description.jsp?id=DPL_1_B&lang=ja
36 , http://judge.u-aizu.ac.jp/onlinejudge/description.jsp?id=DPL_1_C&lang=ja
37 , http://judge.u-aizu.ac.jp/onlinejudge/description.jsp?id=DPL_1_A&lang=ja
38 , http://judge.u-aizu.ac.jp/onlinejudge/description.jsp?id=ALDS1_10_C&lang=ja
39 , https://atcoder.jp/contests/joi2011yo/tasks/joi2011yo_d
40 , https://atcoder.jp/contests/joi2012yo/tasks/joi2012yo_d
41 , https://atcoder.jp/contests/joi2013yo/tasks/joi2013yo_d
42 , https://atcoder.jp/contests/joi2015yo/tasks/joi2015yo_d
43 , https://atcoder.jp/contests/pakencamp-2019-day3/tasks/pakencamp_2019_day3_d
44 , http://judge.u-aizu.ac.jp/onlinejudge/description.jsp?id=1167&lang=jp
45 , http://judge.u-aizu.ac.jp/onlinejudge/description.jsp?id=2199&lang=jp
46 , http://judge.u-aizu.ac.jp/onlinejudge/description.jsp?id=ALDS1_10_B&lang=ja
47 , https://atcoder.jp/contests/joi2015ho/tasks/joi2015ho_b
48 , http://judge.u-aizu.ac.jp/onlinejudge/description.jsp?id=1611&lang=jp
49 , http://judge.u-aizu.ac.jp/onlinejudge/description.jsp?id=DPL_2_A&lang=ja
50 , https://atcoder.jp/contests/s8pc-1/tasks/s8pc_1_g
51 , https://atcoder.jp/contests/joi2014yo/tasks/joi2014yo_d
52 , https://atcoder.jp/contests/joi2017yo/tasks/joi2017yo_d
53 , http://judge.u-aizu.ac.jp/onlinejudge/description.jsp?id=DPL_1_D&lang=ja
54 , https://atcoder.jp/contests/abc006/tasks/abc006_4
55 , https://atcoder.jp/contests/abc134/tasks/abc134_e
56 , http://judge.u-aizu.ac.jp/onlinejudge/description.jsp?id=GRL_1_A&lang=ja
57 , https://atcoder.jp/contests/joi2008yo/tasks/joi2008yo_f
58 , https://atcoder.jp/contests/joi2016yo/tasks/joi2016yo_e
59 , https://atcoder.jp/contests/joi2014yo/tasks/joi2014yo_e
60 , http://judge.u-aizu.ac.jp/onlinejudge/description.jsp?id=GRL_1_C&lang=ja
61 , https://atcoder.jp/contests/abc012/tasks/abc012_4
62 , https://atcoder.jp/contests/abc079/tasks/abc079_d
63 , https://atcoder.jp/contests/abc074/tasks/arc083_b
64 , http://judge.u-aizu.ac.jp/onlinejudge/description.jsp?id=GRL_2_A&lang=ja
65 , https://atcoder.jp/contests/joisc2010/tasks/joisc2010_finals
66 , http://judge.u-aizu.ac.jp/onlinejudge/description.jsp?id=1127
67 , https://atcoder.jp/contests/abc065/tasks/arc076_b
68 , http://judge.u-aizu.ac.jp/onlinejudge/description.jsp?id=NTL_1_A&lang=ja
69 , https://atcoder.jp/contests/abc084/tasks/abc084_d
70 , http://judge.u-aizu.ac.jp/onlinejudge/description.jsp?id=NTL_1_B&lang=ja
71 , https://atcoder.jp/contests/s8pc-1/tasks/s8pc_1_e
72 , https://atcoder.jp/contests/abc034/tasks/abc034_c
73 , https://atcoder.jp/contests/abc145/tasks/abc145_d
74 , https://atcoder.jp/contests/abc021/tasks/abc021_d
75 , https://atcoder.jp/contests/abc149/tasks/abc149_f
76 , https://atcoder.jp/contests/nikkei2019-final/tasks/nikkei2019_final_a
77 , https://atcoder.jp/contests/joi2010ho/tasks/joi2010ho_a
78 , https://atcoder.jp/contests/joi2011ho/tasks/joi2011ho1
79 , https://atcoder.jp/contests/abc106/tasks/abc106_d
80 , https://atcoder.jp/contests/gigacode-2019/tasks/gigacode_2019_d
81 , https://atcoder.jp/contests/abc014/tasks/abc014_3
82 , http://judge.u-aizu.ac.jp/onlinejudge/description.jsp?id=2013
83 , https://atcoder.jp/contests/joi2015ho/tasks/joi2015ho_a
84 , https://atcoder.jp/contests/joi2012ho/tasks/joi2012ho4
85 , http://judge.u-aizu.ac.jp/onlinejudge/description.jsp?id=DSL_1_A&lang=ja
86 , https://atcoder.jp/contests/abc075/tasks/abc075_c?lang=ja
87 , https://atcoder.jp/contests/abc120/tasks/abc120_d
88 , https://atcoder.jp/contests/joi2008ho/tasks/joi2008ho_a
89 , https://atcoder.jp/contests/joi2013ho/tasks/joi2013ho1
90 , https://atcoder.jp/contests/s8pc-5/tasks/s8pc_5_b
91 , https://atcoder.jp/contests/abc144/tasks/abc144_d
92 , http://judge.u-aizu.ac.jp/onlinejudge/description.jsp?id=1193&lang=jp
93 , https://atcoder.jp/contests/s8pc-3/tasks/s8pc_3_b
94 , http://judge.u-aizu.ac.jp/onlinejudge/description.jsp?id=1149&lang=jp
95 , https://atcoder.jp/contests/abc149/tasks/abc149_b
96 , https://atcoder.jp/contests/abc139/tasks/abc139_d
97 , https://atcoder.jp/contests/abc150/tasks/abc150_d
98 , https://atcoder.jp/contests/sumitrust2019/tasks/sumitb2019_e
99 , https://atcoder.jp/contests/ddcc2020-qual/tasks/ddcc2020_qual_d
100 , https://atcoder.jp/contests/tenka1-2018-beginner/tasks/tenka1_2018_d
